<?xml version="1.0" encoding="UTF-8" standalone="yes"?>
<Earth_Explorer_File xmlns="http://gs2.esa.int/DATA_STRUCTURE/olqcReport">
    <Earth_Explorer_Header>
        <Fixed_Header>
            <File_Name>FORMAT_CORRECTNESS.xml</File_Name>
            <File_Description>Report produced by OLQC-SC</File_Description>
            <Notes></Notes>
            <Mission>S2A</Mission>
            <File_Class>OPER</File_Class>
            <File_Type>REP_OLQCPA</File_Type>
            <Validity_Period>
                <Validity_Start>UTC=2019-10-20T23:30:00</Validity_Start>
                <Validity_Stop>UTC=2100-01-01T00:00:00</Validity_Stop>
            </Validity_Period>
            <File_Version>2</File_Version>
            <Source>
                <System>OLQC-SC</System>
                <Creator>OLQC-SC</Creator>
                <Creator_Version>01.06.04</Creator_Version>
                <Creation_Date>UTC=2020-08-28T23:34:14</Creation_Date>
            </Source>
        </Fixed_Header>
    </Earth_Explorer_Header>
    <Data_Block type="xml">
        <report gippVersion="1.0" globalStatus="PASSED" date="2020-08-28T23:34:14.480Z">
            <checkList>
                <parentID>S2A_OPER_GIP_OLQCPA_MPC__20191004T000021_V20191020T233000</parentID>
                <name>FORMAT_CORRECTNESS</name>
                <version>1.0</version>
                <item url="/gpfs/dpc/data/phoebus-share/PHOEBUS-4.5.002/wp_in_progress/l2a_20200828_53/app_data/steps_data/GR/S2A_OPER_MSI_L2A_TL_VGS2_20200828T215435_A027079_T17WNQ_N02.14/" className="PDI Level 2A Tile Folder" name="S2A_OPER_MSI_L2A_TL_VGS2_20200828T215435_A027079_T17WNQ_N02.14" class="http://www.esa.int/s2#pdi_level_2a_tile_container"/>
                <check>
                    <inspection creation="2020-08-28T23:34:13.995Z" duration="366" execution="2020-08-28T23:34:14.102Z" id="schemaXmlValidator" item="MTD_TL.xml" itemURL="/gpfs/dpc/data/phoebus-share/PHOEBUS-4.5.002/wp_in_progress/l2a_20200828_53/app_data/steps_data/GR/S2A_OPER_MSI_L2A_TL_VGS2_20200828T215435_A027079_T17WNQ_N02.14/MTD_TL.xml" name="Schema Validator. " priority="5" processingStatus="done" status="PASSED"/>
                    <message contentType="text/plain">The schema validation passed successfully.</message>
                </check>
                <check>
                    <inspection creation="2020-08-28T23:34:14.483Z" duration="1146" execution="2020-08-28T23:34:14.522Z" id="Jp2Gml" item="MTD_TL.xml" itemURL="/gpfs/dpc/data/phoebus-share/PHOEBUS-4.5.002/wp_in_progress/l2a_20200828_53/app_data/steps_data/GR/S2A_OPER_MSI_L2A_TL_VGS2_20200828T215435_A027079_T17WNQ_N02.14/MTD_TL.xml" name="Checks JP2GML boxes in images  " priority="5" processingStatus="done" status="PASSED"/>
                    <message contentType="text/plain">Granule is included into RHA "earth". found 35 band(s).JP2GML box in band T17WNQ_20200828T172901_AOT_10m.jp2 validates schema. JP2GML box in band T17WNQ_20200828T172901_B02_10m.jp2 validates schema. JP2GML box in band T17WNQ_20200828T172901_B03_10m.jp2 validates schema. JP2GML box in band T17WNQ_20200828T172901_B04_10m.jp2 validates schema. JP2GML box in band T17WNQ_20200828T172901_B08_10m.jp2 validates schema. JP2GML box in band T17WNQ_20200828T172901_TCI_10m.jp2 validates schema. JP2GML box in band T17WNQ_20200828T172901_WVP_10m.jp2 validates schema. JP2GML box in band T17WNQ_20200828T172901_AOT_20m.jp2 validates schema. JP2GML box in band T17WNQ_20200828T172901_B02_20m.jp2 validates schema. JP2GML box in band T17WNQ_20200828T172901_B03_20m.jp2 validates schema. JP2GML box in band T17WNQ_20200828T172901_B04_20m.jp2 validates schema. JP2GML box in band T17WNQ_20200828T172901_B05_20m.jp2 validates schema. JP2GML box in band T17WNQ_20200828T172901_B06_20m.jp2 validates schema. JP2GML box in band T17WNQ_20200828T172901_B07_20m.jp2 validates schema. JP2GML box in band T17WNQ_20200828T172901_B11_20m.jp2 validates schema. JP2GML box in band T17WNQ_20200828T172901_B12_20m.jp2 validates schema. JP2GML box in band T17WNQ_20200828T172901_B8A_20m.jp2 validates schema. JP2GML box in band T17WNQ_20200828T172901_SCL_20m.jp2 validates schema. JP2GML box in band T17WNQ_20200828T172901_TCI_20m.jp2 validates schema. JP2GML box in band T17WNQ_20200828T172901_WVP_20m.jp2 validates schema. JP2GML box in band T17WNQ_20200828T172901_AOT_60m.jp2 validates schema. JP2GML box in band T17WNQ_20200828T172901_B01_60m.jp2 validates schema. JP2GML box in band T17WNQ_20200828T172901_B02_60m.jp2 validates schema. JP2GML box in band T17WNQ_20200828T172901_B03_60m.jp2 validates schema. JP2GML box in band T17WNQ_20200828T172901_B04_60m.jp2 validates schema. JP2GML box in band T17WNQ_20200828T172901_B05_60m.jp2 validates schema. JP2GML box in band T17WNQ_20200828T172901_B06_60m.jp2 validates schema. JP2GML box in band T17WNQ_20200828T172901_B07_60m.jp2 validates schema. JP2GML box in band T17WNQ_20200828T172901_B09_60m.jp2 validates schema. JP2GML box in band T17WNQ_20200828T172901_B11_60m.jp2 validates schema. JP2GML box in band T17WNQ_20200828T172901_B12_60m.jp2 validates schema. JP2GML box in band T17WNQ_20200828T172901_B8A_60m.jp2 validates schema. JP2GML box in band T17WNQ_20200828T172901_SCL_60m.jp2 validates schema. JP2GML box in band T17WNQ_20200828T172901_TCI_60m.jp2 validates schema. JP2GML box in band T17WNQ_20200828T172901_WVP_60m.jp2 validates schema. </message>
                </check>
                <check>
                    <inspection creation="2020-08-28T23:34:15.672Z" duration="13" execution="2020-08-28T23:34:15.778Z" id="Tile_Position_Size" item="MTD_TL.xml" itemURL="/gpfs/dpc/data/phoebus-share/PHOEBUS-4.5.002/wp_in_progress/l2a_20200828_53/app_data/steps_data/GR/S2A_OPER_MSI_L2A_TL_VGS2_20200828T215435_A027079_T17WNQ_N02.14/MTD_TL.xml" name="Check of consistency of Tile Position by Size. " priority="5" processingStatus="done" status="PASSED"/>
                    <message contentType="text/plain">Tile image size is between [90000.0,110000.0].</message>
                </check>
                <check>
                    <inspection creation="2020-08-28T23:34:15.794Z" duration="7" execution="2020-08-28T23:34:15.827Z" id="Tile_Position_Geoposition" item="MTD_TL.xml" itemURL="/gpfs/dpc/data/phoebus-share/PHOEBUS-4.5.002/wp_in_progress/l2a_20200828_53/app_data/steps_data/GR/S2A_OPER_MSI_L2A_TL_VGS2_20200828T215435_A027079_T17WNQ_N02.14/MTD_TL.xml" name="Check of consistency of Tile Position by Geoposition. " priority="5" processingStatus="done" status="PASSED"/>
                    <message contentType="text/plain">Tile geoposition is valid.</message>
                    <extraValues>
                        <value name="ULX(10)">499980</value>
                        <value name="ULY(10)">7500000</value>
                        <value name="XDIM(10)">10</value>
                        <value name="YDIM(10)">-10</value>
                        <value name="ULX(20)">499980</value>
                        <value name="ULY(20)">7500000</value>
                        <value name="XDIM(20)">20</value>
                        <value name="YDIM(20)">-20</value>
                        <value name="ULX(60)">499980</value>
                        <value name="ULY(60)">7500000</value>
                        <value name="XDIM(60)">60</value>
                        <value name="YDIM(60)">-60</value>
                    </extraValues>
                </check>
                <check>
                    <inspection creation="2020-08-28T23:34:16.283Z" duration="8" execution="2020-08-28T23:34:16.301Z" id="checkMetadata" item="S2A_OPER_MSI_L2A_TL_VGS2_20200828T215435_A027079_T17WNQ_N02.14" itemURL="/gpfs/dpc/data/phoebus-share/PHOEBUS-4.5.002/wp_in_progress/l2a_20200828_53/app_data/steps_data/GR/S2A_OPER_MSI_L2A_TL_VGS2_20200828T215435_A027079_T17WNQ_N02.14/" name="Metadata file check. " priority="5" processingStatus="done" status="PASSED"/>
                    <message contentType="text/plain">Metadata file is present.</message>
                </check>
                <check>
                    <inspection creation="2020-08-28T23:34:16.631Z" duration="169" execution="2020-08-28T23:34:16.649Z" id="CheckNoDataMaskFormat" item="S2A_OPER_MSI_L2A_TL_VGS2_20200828T215435_A027079_T17WNQ_N02.14" itemURL="/gpfs/dpc/data/phoebus-share/PHOEBUS-4.5.002/wp_in_progress/l2a_20200828_53/app_data/steps_data/GR/S2A_OPER_MSI_L2A_TL_VGS2_20200828T215435_A027079_T17WNQ_N02.14/" name="Check NODATA Mask for format correctness " priority="5" processingStatus="done" status="PASSED"/>
                    <message contentType="text/plain">NODATA mask format is correct</message>
                </check>
                <check>
                    <inspection creation="2020-08-28T23:34:17.000Z" duration="152" execution="2020-08-28T23:34:17.030Z" id="CheckDefectMaskFormat" item="S2A_OPER_MSI_L2A_TL_VGS2_20200828T215435_A027079_T17WNQ_N02.14" itemURL="/gpfs/dpc/data/phoebus-share/PHOEBUS-4.5.002/wp_in_progress/l2a_20200828_53/app_data/steps_data/GR/S2A_OPER_MSI_L2A_TL_VGS2_20200828T215435_A027079_T17WNQ_N02.14/" name="Check DEFECT Mask for format correctness " priority="5" processingStatus="done" status="PASSED"/>
                    <message contentType="text/plain">DEFECT mask format is correct</message>
                </check>
                <check>
                    <inspection creation="2020-08-28T23:34:17.196Z" duration="135" execution="2020-08-28T23:34:17.208Z" id="CheckDetFooMaskFormat" item="S2A_OPER_MSI_L2A_TL_VGS2_20200828T215435_A027079_T17WNQ_N02.14" itemURL="/gpfs/dpc/data/phoebus-share/PHOEBUS-4.5.002/wp_in_progress/l2a_20200828_53/app_data/steps_data/GR/S2A_OPER_MSI_L2A_TL_VGS2_20200828T215435_A027079_T17WNQ_N02.14/" name="Check DETFOO for format correctnes " priority="5" processingStatus="done" status="PASSED"/>
                    <message contentType="text/plain">DETFOO mask format is correct</message>
                </check>
                <check>
                    <inspection creation="2020-08-28T23:34:17.344Z" duration="31" execution="2020-08-28T23:34:17.357Z" id="checkL2AMasks" item="S2A_OPER_MSI_L2A_TL_VGS2_20200828T215435_A027079_T17WNQ_N02.14" itemURL="/gpfs/dpc/data/phoebus-share/PHOEBUS-4.5.002/wp_in_progress/l2a_20200828_53/app_data/steps_data/GR/S2A_OPER_MSI_L2A_TL_VGS2_20200828T215435_A027079_T17WNQ_N02.14/" name="L2A masks availability check. " priority="5" processingStatus="done" status="PASSED"/>
                    <message contentType="text/plain">All elements in QI_DATA are present.</message>
                </check>
                <check>
                    <inspection creation="2020-08-28T23:34:17.485Z" duration="35" execution="2020-08-28T23:34:17.500Z" id="checkL2AImages" item="S2A_OPER_MSI_L2A_TL_VGS2_20200828T215435_A027079_T17WNQ_N02.14" itemURL="/gpfs/dpc/data/phoebus-share/PHOEBUS-4.5.002/wp_in_progress/l2a_20200828_53/app_data/steps_data/GR/S2A_OPER_MSI_L2A_TL_VGS2_20200828T215435_A027079_T17WNQ_N02.14/" name="L2A images availability check. " priority="5" processingStatus="done" status="PASSED"/>
                    <message contentType="text/plain">All bands are present.</message>
                </check>
            </checkList>
        </report>
    </Data_Block>
</Earth_Explorer_File>
