<?xml version="1.0" encoding="UTF-8" standalone="yes"?>
<Earth_Explorer_File xmlns="http://gs2.esa.int/DATA_STRUCTURE/olqcReport">
    <Earth_Explorer_Header>
        <Fixed_Header>
            <File_Name>GEOMETRIC_QUALITY.xml</File_Name>
            <File_Description>Report produced by OLQC-SC</File_Description>
            <Notes></Notes>
            <Mission>S2A</Mission>
            <File_Class>OPER</File_Class>
            <File_Type>REP_OLQCPA</File_Type>
            <Validity_Period>
                <Validity_Start>UTC=2019-10-20T23:30:00</Validity_Start>
                <Validity_Stop>UTC=2100-01-01T00:00:00</Validity_Stop>
            </Validity_Period>
            <File_Version>2</File_Version>
            <Source>
                <System>OLQC-SC</System>
                <Creator>OLQC-SC</Creator>
                <Creator_Version>01.06.04</Creator_Version>
                <Creation_Date>UTC=2020-08-28T23:34:15</Creation_Date>
            </Source>
        </Fixed_Header>
    </Earth_Explorer_Header>
    <Data_Block type="xml">
        <report gippVersion="1.0" globalStatus="PASSED" date="2020-08-28T23:34:15.997Z">
            <checkList>
                <parentID>S2A_OPER_GIP_OLQCPA_MPC__20191004T000021_V20191020T233000</parentID>
                <name>GEOMETRIC_QUALITY</name>
                <version>1.0</version>
                <item url="/gpfs/dpc/data/phoebus-share/PHOEBUS-4.5.002/wp_in_progress/l2a_20200828_53/app_data/steps_data/GR/S2A_OPER_MSI_L2A_TL_VGS2_20200828T215435_A027079_T17WNQ_N02.14/" className="PDI Level 2A Tile Folder" name="S2A_OPER_MSI_L2A_TL_VGS2_20200828T215435_A027079_T17WNQ_N02.14" class="http://www.esa.int/s2#pdi_level_2a_tile_container"/>
                <check>
                    <inspection creation="2020-08-28T23:34:15.931Z" duration="42" execution="2020-08-28T23:34:15.952Z" id="Solar_Angle_Azimuth" item="MTD_TL.xml" itemURL="/gpfs/dpc/data/phoebus-share/PHOEBUS-4.5.002/wp_in_progress/l2a_20200828_53/app_data/steps_data/GR/S2A_OPER_MSI_L2A_TL_VGS2_20200828T215435_A027079_T17WNQ_N02.14/MTD_TL.xml" name="Check the azimuth solar angle. " priority="5" processingStatus="done" status="PASSED"/>
                    <message contentType="text/plain">Azimuth solar angle (184.334287869689) is in the limit of the threshold (360.0) </message>
                    <extraValues>
                        <value name="EXPECTED">360.0</value>
                        <value name="SOLAR_AZIMUTH_ANGLE">184.334287869689</value>
                    </extraValues>
                </check>
                <check>
                    <inspection creation="2020-08-28T23:34:16.319Z" duration="243" execution="2020-08-28T23:34:16.386Z" id="Granule_Dimensions_10m" item="S2A_OPER_MSI_L2A_TL_VGS2_20200828T215435_A027079_T17WNQ_N02.14" itemURL="/gpfs/dpc/data/phoebus-share/PHOEBUS-4.5.002/wp_in_progress/l2a_20200828_53/app_data/steps_data/GR/S2A_OPER_MSI_L2A_TL_VGS2_20200828T215435_A027079_T17WNQ_N02.14/" name="Check the 10m consistency of granules/tiles. " priority="5" processingStatus="done" status="PASSED"/>
                    <message contentType="text/plain">10m resolution granules/tiles dimensions are correct.</message>
                </check>
                <check>
                    <inspection creation="2020-08-28T23:34:16.820Z" duration="154" execution="2020-08-28T23:34:16.843Z" id="Granule_Dimensions_20m" item="S2A_OPER_MSI_L2A_TL_VGS2_20200828T215435_A027079_T17WNQ_N02.14" itemURL="/gpfs/dpc/data/phoebus-share/PHOEBUS-4.5.002/wp_in_progress/l2a_20200828_53/app_data/steps_data/GR/S2A_OPER_MSI_L2A_TL_VGS2_20200828T215435_A027079_T17WNQ_N02.14/" name="Check the 20m consistency of granules/tiles. " priority="5" processingStatus="done" status="PASSED"/>
                    <message contentType="text/plain">20m resolution granules/tiles dimensions are correct.</message>
                </check>
                <check>
                    <inspection creation="2020-08-28T23:34:17.537Z" duration="75" execution="2020-08-28T23:34:17.548Z" id="Granule_Dimensions_60m" item="S2A_OPER_MSI_L2A_TL_VGS2_20200828T215435_A027079_T17WNQ_N02.14" itemURL="/gpfs/dpc/data/phoebus-share/PHOEBUS-4.5.002/wp_in_progress/l2a_20200828_53/app_data/steps_data/GR/S2A_OPER_MSI_L2A_TL_VGS2_20200828T215435_A027079_T17WNQ_N02.14/" name="Check the 60m consistency of granules/tiles. " priority="5" processingStatus="done" status="PASSED"/>
                    <message contentType="text/plain">60m resolution granules/tiles dimensions are correct.</message>
                </check>
            </checkList>
        </report>
    </Data_Block>
</Earth_Explorer_File>
