<?xml version="1.0" encoding="UTF-8" standalone="yes"?>
<Earth_Explorer_File xmlns="http://gs2.esa.int/DATA_STRUCTURE/olqcReport">
    <Earth_Explorer_Header>
        <Fixed_Header>
            <File_Name>FORMAT_CORRECTNESS.xml</File_Name>
            <File_Description>Report produced by OLQC-SC</File_Description>
            <Notes></Notes>
            <Mission>S2A</Mission>
            <File_Class>OPER</File_Class>
            <File_Type>REP_OLQCPA</File_Type>
            <Validity_Period>
                <Validity_Start>UTC=2019-10-20T23:30:00</Validity_Start>
                <Validity_Stop>UTC=2100-01-01T00:00:00</Validity_Stop>
            </Validity_Period>
            <File_Version>2</File_Version>
            <Source>
                <System>OLQC-SC</System>
                <Creator>OLQC-SC</Creator>
                <Creator_Version>01.06.04</Creator_Version>
                <Creation_Date>UTC=2020-08-28T23:51:32</Creation_Date>
            </Source>
        </Fixed_Header>
    </Earth_Explorer_Header>
    <Data_Block type="xml">
        <report gippVersion="1.0" globalStatus="PASSED" date="2020-08-28T23:51:32.791Z">
            <checkList>
                <parentID>S2A_OPER_GIP_OLQCPA_MPC__20191004T000021_V20191020T233000</parentID>
                <name>FORMAT_CORRECTNESS</name>
                <version>1.0</version>
                <item url="/gpfs/dpc/data/phoebus-share/PHOEBUS-4.5.002/wp_in_progress/l2a_20200828_53/app_data/steps_data/DS/S2A_OPER_MSI_L2A_DS_VGS2_20200828T215435_S20200828T172904_N02.14/" className="PDI Level 2A Datastrip Folder" name="S2A_OPER_MSI_L2A_DS_VGS2_20200828T215435_S20200828T172904_N02.14" class="http://www.esa.int/s2#pdi_level_2a_datastrip_container"/>
                <check>
                    <inspection creation="2020-08-28T23:51:32.781Z" duration="1" execution="2020-08-28T23:51:32.788Z" id="Start_Stop_Time" item="MTD_DS.xml" itemURL="/gpfs/dpc/data/phoebus-share/PHOEBUS-4.5.002/wp_in_progress/l2a_20200828_53/app_data/steps_data/DS/S2A_OPER_MSI_L2A_DS_VGS2_20200828T215435_S20200828T172904_N02.14/MTD_DS.xml" name="Check start/stop time validity. " priority="5" processingStatus="done" status="PASSED"/>
                    <message contentType="text/plain">Sensing period is valid. </message>
                    <extraValues>
                        <value name="SENSING_START">2020-08-28T17:29:04.464Z</value>
                        <value name="SENSING_STOP">2020-08-28T17:37:36.767Z</value>
                    </extraValues>
                </check>
                <check>
                    <inspection creation="2020-08-28T23:51:33.737Z" duration="1070" execution="2020-08-28T23:51:33.742Z" id="schemaXmlValidator" item="MTD_DS.xml" itemURL="/gpfs/dpc/data/phoebus-share/PHOEBUS-4.5.002/wp_in_progress/l2a_20200828_53/app_data/steps_data/DS/S2A_OPER_MSI_L2A_DS_VGS2_20200828T215435_S20200828T172904_N02.14/MTD_DS.xml" name="Schema Validator. " priority="5" processingStatus="done" status="PASSED"/>
                    <message contentType="text/plain">The schema validation passed successfully.</message>
                </check>
                <check>
                    <inspection creation="2020-08-28T23:51:34.889Z" duration="261" execution="2020-08-28T23:51:34.896Z" id="checkMetadata" item="S2A_OPER_MSI_L2A_DS_VGS2_20200828T215435_S20200828T172904_N02.14" itemURL="/gpfs/dpc/data/phoebus-share/PHOEBUS-4.5.002/wp_in_progress/l2a_20200828_53/app_data/steps_data/DS/S2A_OPER_MSI_L2A_DS_VGS2_20200828T215435_S20200828T172904_N02.14/" name="Metadata file check. " priority="5" processingStatus="done" status="PASSED"/>
                    <message contentType="text/plain">Metadata file is present.</message>
                </check>
            </checkList>
        </report>
    </Data_Block>
</Earth_Explorer_File>
