<?xml version="1.0" encoding="UTF-8" standalone="yes"?>
<Earth_Explorer_File xmlns="http://gs2.esa.int/DATA_STRUCTURE/olqcReport">
    <Earth_Explorer_Header>
        <Fixed_Header>
            <File_Name>GENERAL_QUALITY.xml</File_Name>
            <File_Description>Report produced by OLQC-SC</File_Description>
            <Notes></Notes>
            <Mission>S2A</Mission>
            <File_Class>OPER</File_Class>
            <File_Type>REP_OLQCPA</File_Type>
            <Validity_Period>
                <Validity_Start>UTC=2019-10-20T23:30:00</Validity_Start>
                <Validity_Stop>UTC=2100-01-01T00:00:00</Validity_Stop>
            </Validity_Period>
            <File_Version>2</File_Version>
            <Source>
                <System>OLQC-SC</System>
                <Creator>OLQC-SC</Creator>
                <Creator_Version>01.06.04</Creator_Version>
                <Creation_Date>UTC=2020-08-28T23:51:32</Creation_Date>
            </Source>
        </Fixed_Header>
    </Earth_Explorer_Header>
    <Data_Block type="xml">
        <report gippVersion="1.0" globalStatus="PASSED" date="2020-08-28T23:51:32.689Z">
            <checkList>
                <parentID>S2A_OPER_GIP_OLQCPA_MPC__20191004T000021_V20191020T233000</parentID>
                <name>GENERAL_QUALITY</name>
                <version>1.0</version>
                <item url="/gpfs/dpc/data/phoebus-share/PHOEBUS-4.5.002/wp_in_progress/l2a_20200828_53/app_data/steps_data/DS/S2A_OPER_MSI_L2A_DS_VGS2_20200828T215435_S20200828T172904_N02.14/" className="PDI Level 2A Datastrip Folder" name="S2A_OPER_MSI_L2A_DS_VGS2_20200828T215435_S20200828T172904_N02.14" class="http://www.esa.int/s2#pdi_level_2a_datastrip_container"/>
                <check>
                    <inspection creation="2020-08-28T23:51:32.214Z" duration="368" execution="2020-08-28T23:51:32.314Z" id="Orbit_Number_DOWNLINK" item="MTD_DS.xml" itemURL="/gpfs/dpc/data/phoebus-share/PHOEBUS-4.5.002/wp_in_progress/l2a_20200828_53/app_data/steps_data/DS/S2A_OPER_MSI_L2A_DS_VGS2_20200828T215435_S20200828T172904_N02.14/MTD_DS.xml" name="Check the consistency of downlink orbit number. " priority="5" processingStatus="done" status="PASSED"/>
                    <message contentType="text/plain">Downlink Orbit number (27081) is in range [1,99999] </message>
                    <extraValues>
                        <value name="DOWNLINK_ORBIT_NUMBER">27081</value>
                    </extraValues>
                </check>
                <check>
                    <inspection creation="2020-08-28T23:51:32.792Z" duration="1" execution="2020-08-28T23:51:32.802Z" id="Degraded_Packets" item="MTD_DS.xml" itemURL="/gpfs/dpc/data/phoebus-share/PHOEBUS-4.5.002/wp_in_progress/l2a_20200828_53/app_data/steps_data/DS/S2A_OPER_MSI_L2A_DS_VGS2_20200828T215435_S20200828T172904_N02.14/MTD_DS.xml" name="Check the number of degraded packets " priority="5" processingStatus="done" status="PASSED"/>
                    <message contentType="text/plain">NUMBER_OF_TOO_DEGRADED_PACKETS value 0 does not exceed the threshold (0) </message>
                    <extraValues>
                        <value name="NUMBER_OF_TOO_DEGRADED_PACKETS">0</value>
                    </extraValues>
                </check>
                <check>
                    <inspection creation="2020-08-28T23:51:33.263Z" duration="2" execution="2020-08-28T23:51:33.273Z" id="Relative_Orbit_Number_SENSING" item="MTD_DS.xml" itemURL="/gpfs/dpc/data/phoebus-share/PHOEBUS-4.5.002/wp_in_progress/l2a_20200828_53/app_data/steps_data/DS/S2A_OPER_MSI_L2A_DS_VGS2_20200828T215435_S20200828T172904_N02.14/MTD_DS.xml" name="Check the consistency of relative imaging orbit number. " priority="5" processingStatus="done" status="PASSED"/>
                    <message contentType="text/plain">Sensing orbit number (55) is in range [1,143] </message>
                    <extraValues>
                        <value name="SENSING_ORBIT_NUMBER">55</value>
                    </extraValues>
                </check>
                <check>
                    <inspection creation="2020-08-28T23:51:33.277Z" duration="0" execution="2020-08-28T23:51:33.289Z" id="Lost_Packets" item="MTD_DS.xml" itemURL="/gpfs/dpc/data/phoebus-share/PHOEBUS-4.5.002/wp_in_progress/l2a_20200828_53/app_data/steps_data/DS/S2A_OPER_MSI_L2A_DS_VGS2_20200828T215435_S20200828T172904_N02.14/MTD_DS.xml" name="Check the number of lost packets " priority="5" processingStatus="done" status="PASSED"/>
                    <message contentType="text/plain">NUMBER_OF_LOST_PACKETS value 0 does not exceed the threshold (0) </message>
                    <extraValues>
                        <value name="NUMBER_OF_LOST_PACKETS">0</value>
                    </extraValues>
                </check>
                <check>
                    <inspection creation="2020-08-28T23:51:34.889Z" duration="261" execution="2020-08-28T23:51:34.896Z" id="checkMetadata" item="S2A_OPER_MSI_L2A_DS_VGS2_20200828T215435_S20200828T172904_N02.14" itemURL="/gpfs/dpc/data/phoebus-share/PHOEBUS-4.5.002/wp_in_progress/l2a_20200828_53/app_data/steps_data/DS/S2A_OPER_MSI_L2A_DS_VGS2_20200828T215435_S20200828T172904_N02.14/" name="Metadata file check. " priority="5" processingStatus="done" status="PASSED"/>
                    <message contentType="text/plain">Metadata file is present.</message>
                </check>
            </checkList>
        </report>
    </Data_Block>
</Earth_Explorer_File>
