<?xml version="1.0" encoding="UTF-8" standalone="yes"?>
<Earth_Explorer_File xmlns="http://gs2.esa.int/DATA_STRUCTURE/olqcReport">
    <Earth_Explorer_Header>
        <Fixed_Header>
            <File_Name>GEOMETRIC_QUALITY.xml</File_Name>
            <File_Description>Report produced by OLQC-SC</File_Description>
            <Notes></Notes>
            <Mission>S2A</Mission>
            <File_Class>OPER</File_Class>
            <File_Type>REP_OLQCPA</File_Type>
            <Validity_Period>
                <Validity_Start>UTC=2019-10-20T23:30:00</Validity_Start>
                <Validity_Stop>UTC=2100-01-01T00:00:00</Validity_Stop>
            </Validity_Period>
            <File_Version>2</File_Version>
            <Source>
                <System>OLQC-SC</System>
                <Creator>OLQC-SC</Creator>
                <Creator_Version>01.06.04</Creator_Version>
                <Creation_Date>UTC=2020-08-28T23:51:32</Creation_Date>
            </Source>
        </Fixed_Header>
    </Earth_Explorer_Header>
    <Data_Block type="xml">
        <report gippVersion="1.0" globalStatus="PASSED" date="2020-08-28T23:51:32.710Z">
            <checkList>
                <parentID>S2A_OPER_GIP_OLQCPA_MPC__20191004T000021_V20191020T233000</parentID>
                <name>GEOMETRIC_QUALITY</name>
                <version>1.0</version>
                <item url="/gpfs/dpc/data/phoebus-share/PHOEBUS-4.5.002/wp_in_progress/l2a_20200828_53/app_data/steps_data/DS/S2A_OPER_MSI_L2A_DS_VGS2_20200828T215435_S20200828T172904_N02.14/" className="PDI Level 2A Datastrip Folder" name="S2A_OPER_MSI_L2A_DS_VGS2_20200828T215435_S20200828T172904_N02.14" class="http://www.esa.int/s2#pdi_level_2a_datastrip_container"/>
                <check>
                    <inspection creation="2020-08-28T23:51:32.691Z" duration="3" execution="2020-08-28T23:51:32.705Z" id="Planimetric_Stability" item="MTD_DS.xml" itemURL="/gpfs/dpc/data/phoebus-share/PHOEBUS-4.5.002/wp_in_progress/l2a_20200828_53/app_data/steps_data/DS/S2A_OPER_MSI_L2A_DS_VGS2_20200828T215435_S20200828T172904_N02.14/MTD_DS.xml" name="Check the planimetric stability value  " priority="5" processingStatus="done" status="PASSED"/>
                    <message contentType="text/plain">Planimetric stability is valid (3.0&lt;5.0) </message>
                    <extraValues>
                        <value name="VALUE">3.0</value>
                        <value name="EXPECTED">5.0</value>
                    </extraValues>
                </check>
                <check>
                    <inspection creation="2020-08-28T23:51:32.723Z" duration="3" execution="2020-08-28T23:51:32.751Z" id="Geometric_Refining_Spatio_Residual_Histograms" item="MTD_DS.xml" itemURL="/gpfs/dpc/data/phoebus-share/PHOEBUS-4.5.002/wp_in_progress/l2a_20200828_53/app_data/steps_data/DS/S2A_OPER_MSI_L2A_DS_VGS2_20200828T215435_S20200828T172904_N02.14/MTD_DS.xml" name="Check of the correctness of the Geometric Refining: Spatio Residual Histograms. " priority="5" processingStatus="done" status="PASSED"/>
                    <message contentType="text/plain">Geometric Spatio Residual Histograms not computed.</message>
                </check>
                <check>
                    <inspection creation="2020-08-28T23:51:32.839Z" duration="383" execution="2020-08-28T23:51:32.845Z" id="Attitude_Quality_Indicator_Corrected" item="MTD_DS.xml" itemURL="/gpfs/dpc/data/phoebus-share/PHOEBUS-4.5.002/wp_in_progress/l2a_20200828_53/app_data/steps_data/DS/S2A_OPER_MSI_L2A_DS_VGS2_20200828T215435_S20200828T172904_N02.14/MTD_DS.xml" name="Check the admissibility of Corrected Attitude Quality Indicator. " priority="5" processingStatus="done" status="PASSED"/>
                    <message contentType="text/plain">No wrong corrected attitude indicators were found.</message>
                </check>
                <check>
                    <inspection creation="2020-08-28T23:51:33.303Z" duration="415" execution="2020-08-28T23:51:33.311Z" id="Attitude_Quality_Indicator_Raw" item="MTD_DS.xml" itemURL="/gpfs/dpc/data/phoebus-share/PHOEBUS-4.5.002/wp_in_progress/l2a_20200828_53/app_data/steps_data/DS/S2A_OPER_MSI_L2A_DS_VGS2_20200828T215435_S20200828T172904_N02.14/MTD_DS.xml" name="Check the admissibility of Raw Attitude Quality Indicator. " priority="5" processingStatus="done" status="PASSED"/>
                    <message contentType="text/plain">No wrong raw attitude indicators were found.</message>
                </check>
                <check>
                    <inspection creation="2020-08-28T23:51:34.839Z" duration="1" execution="2020-08-28T23:51:34.848Z" id="Absolute_Location_Value" item="MTD_DS.xml" itemURL="/gpfs/dpc/data/phoebus-share/PHOEBUS-4.5.002/wp_in_progress/l2a_20200828_53/app_data/steps_data/DS/S2A_OPER_MSI_L2A_DS_VGS2_20200828T215435_S20200828T172904_N02.14/MTD_DS.xml" name="Check the absolute Location value. " priority="5" processingStatus="done" status="PASSED"/>
                    <message contentType="text/plain">Absolute location is valid (20.0&lt;30.0) </message>
                    <extraValues>
                        <value name="VALUE">20.0</value>
                        <value name="EXPECTED">30.0</value>
                    </extraValues>
                </check>
                <check>
                    <inspection creation="2020-08-28T23:51:34.850Z" duration="0" execution="2020-08-28T23:51:34.860Z" id="Geometric_Refining_Image_Refining" item="MTD_DS.xml" itemURL="/gpfs/dpc/data/phoebus-share/PHOEBUS-4.5.002/wp_in_progress/l2a_20200828_53/app_data/steps_data/DS/S2A_OPER_MSI_L2A_DS_VGS2_20200828T215435_S20200828T172904_N02.14/MTD_DS.xml" name="Check of the correctness of the Geometric Refining: Image Refining. " priority="5" processingStatus="done" status="PASSED"/>
                    <message contentType="text/plain">Geometry of image has not been refined.</message>
                </check>
                <check>
                    <inspection creation="2020-08-28T23:51:34.862Z" duration="0" execution="2020-08-28T23:51:34.871Z" id="Geometric_Refining_Vnir_Swir_Registration" item="MTD_DS.xml" itemURL="/gpfs/dpc/data/phoebus-share/PHOEBUS-4.5.002/wp_in_progress/l2a_20200828_53/app_data/steps_data/DS/S2A_OPER_MSI_L2A_DS_VGS2_20200828T215435_S20200828T172904_N02.14/MTD_DS.xml" name="Check of the correctness of the Geometric Refining: VNIR/SWIR Registration. " priority="5" processingStatus="done" status="PASSED"/>
                    <message contentType="text/plain">VNIR / SWIR bands have not been registered.</message>
                </check>
                <check>
                    <inspection creation="2020-08-28T23:51:34.872Z" duration="1" execution="2020-08-28T23:51:34.878Z" id="Ephemeris_Quality" item="MTD_DS.xml" itemURL="/gpfs/dpc/data/phoebus-share/PHOEBUS-4.5.002/wp_in_progress/l2a_20200828_53/app_data/steps_data/DS/S2A_OPER_MSI_L2A_DS_VGS2_20200828T215435_S20200828T172904_N02.14/MTD_DS.xml" name="Check the ephemeris quality value. " priority="5" processingStatus="done" status="PASSED"/>
                    <message contentType="text/plain">Ephemeris quality is valid (4.0&lt;=20.0) </message>
                    <extraValues>
                        <value name="VALUE">4.0</value>
                        <value name="EXPECTED">20.0</value>
                    </extraValues>
                </check>
            </checkList>
        </report>
    </Data_Block>
</Earth_Explorer_File>
