<?xml version="1.0" encoding="UTF-8" standalone="yes"?>
<Earth_Explorer_File xmlns="http://gs2.esa.int/DATA_STRUCTURE/olqcReport">
    <Earth_Explorer_Header>
        <Fixed_Header>
            <File_Name>RADIOMETRIC_QUALITY.xml</File_Name>
            <File_Description>Report produced by OLQC-SC</File_Description>
            <Notes></Notes>
            <Mission>S2A</Mission>
            <File_Class>OPER</File_Class>
            <File_Type>REP_OLQCPA</File_Type>
            <Validity_Period>
                <Validity_Start>UTC=2019-10-20T23:30:00</Validity_Start>
                <Validity_Stop>UTC=2100-01-01T00:00:00</Validity_Stop>
            </Validity_Period>
            <File_Version>2</File_Version>
            <Source>
                <System>OLQC-SC</System>
                <Creator>OLQC-SC</Creator>
                <Creator_Version>01.06.04</Creator_Version>
                <Creation_Date>UTC=2020-08-28T23:51:32</Creation_Date>
            </Source>
        </Fixed_Header>
    </Earth_Explorer_Header>
    <Data_Block type="xml">
        <report gippVersion="1.0" globalStatus="PASSED" date="2020-08-28T23:51:32.772Z">
            <checkList>
                <parentID>S2A_OPER_GIP_OLQCPA_MPC__20191004T000021_V20191020T233000</parentID>
                <name>RADIOMETRIC_QUALITY</name>
                <version>1.0</version>
                <item url="/gpfs/dpc/data/phoebus-share/PHOEBUS-4.5.002/wp_in_progress/l2a_20200828_53/app_data/steps_data/DS/S2A_OPER_MSI_L2A_DS_VGS2_20200828T215435_S20200828T172904_N02.14/" className="PDI Level 2A Datastrip Folder" name="S2A_OPER_MSI_L2A_DS_VGS2_20200828T215435_S20200828T172904_N02.14" class="http://www.esa.int/s2#pdi_level_2a_datastrip_container"/>
                <check>
                    <inspection creation="2020-08-28T23:51:32.757Z" duration="7" execution="2020-08-28T23:51:32.763Z" id="EqualizationFlag" item="MTD_DS.xml" itemURL="/gpfs/dpc/data/phoebus-share/PHOEBUS-4.5.002/wp_in_progress/l2a_20200828_53/app_data/steps_data/DS/S2A_OPER_MSI_L2A_DS_VGS2_20200828T215435_S20200828T172904_N02.14/MTD_DS.xml" name="Check EQUALIZATION_MODE " priority="5" processingStatus="done" status="PASSED"/>
                    <message contentType="text/plain">Equalization Mode is set to TRUE</message>
                </check>
                <check>
                    <inspection creation="2020-08-28T23:51:32.773Z" duration="0" execution="2020-08-28T23:51:32.779Z" id="QuantificationValueBOA" item="MTD_DS.xml" itemURL="/gpfs/dpc/data/phoebus-share/PHOEBUS-4.5.002/wp_in_progress/l2a_20200828_53/app_data/steps_data/DS/S2A_OPER_MSI_L2A_DS_VGS2_20200828T215435_S20200828T172904_N02.14/MTD_DS.xml" name="Check BOA QUANTIFICATION_VALUE " priority="5" processingStatus="done" status="PASSED"/>
                    <message contentType="text/plain">BOA QUANTIFICATION_VALUE is OK</message>
                </check>
                <check>
                    <inspection creation="2020-08-28T23:51:32.812Z" duration="13" execution="2020-08-28T23:51:32.824Z" id="IntegrationTime" item="MTD_DS.xml" itemURL="/gpfs/dpc/data/phoebus-share/PHOEBUS-4.5.002/wp_in_progress/l2a_20200828_53/app_data/steps_data/DS/S2A_OPER_MSI_L2A_DS_VGS2_20200828T215435_S20200828T172904_N02.14/MTD_DS.xml" name="Check INTEGRATION_TIME " priority="5" processingStatus="done" status="PASSED"/>
                    <message contentType="text/plain">INTEGRATION_TIME is OK</message>
                </check>
                <check>
                    <inspection creation="2020-08-28T23:51:33.231Z" duration="5" execution="2020-08-28T23:51:33.256Z" id="QuantificationValueAOT" item="MTD_DS.xml" itemURL="/gpfs/dpc/data/phoebus-share/PHOEBUS-4.5.002/wp_in_progress/l2a_20200828_53/app_data/steps_data/DS/S2A_OPER_MSI_L2A_DS_VGS2_20200828T215435_S20200828T172904_N02.14/MTD_DS.xml" name="Check AOT QUANTIFICATION_VALUE " priority="5" processingStatus="done" status="PASSED"/>
                    <message contentType="text/plain">AOT QUANTIFICATION_VALUE is OK</message>
                </check>
                <check>
                    <inspection creation="2020-08-28T23:51:33.291Z" duration="2" execution="2020-08-28T23:51:33.299Z" id="Radiometric_Quality_Indicators_Multi_Temporal" item="MTD_DS.xml" itemURL="/gpfs/dpc/data/phoebus-share/PHOEBUS-4.5.002/wp_in_progress/l2a_20200828_53/app_data/steps_data/DS/S2A_OPER_MSI_L2A_DS_VGS2_20200828T215435_S20200828T172904_N02.14/MTD_DS.xml" name="Check on the Radiometric Quality Indicators : Multi-Temporal Calibration Accuracy. " priority="5" processingStatus="done" status="PASSED"/>
                    <message contentType="text/plain">Multi-temporal calibration accuracy is correct.</message>
                </check>
                <check>
                    <inspection creation="2020-08-28T23:51:33.728Z" duration="0" execution="2020-08-28T23:51:33.735Z" id="Radiometric_Quality_Indicators_Cross_Band" item="MTD_DS.xml" itemURL="/gpfs/dpc/data/phoebus-share/PHOEBUS-4.5.002/wp_in_progress/l2a_20200828_53/app_data/steps_data/DS/S2A_OPER_MSI_L2A_DS_VGS2_20200828T215435_S20200828T172904_N02.14/MTD_DS.xml" name="Check on the Radiometric Quality Indicators : Cross Band Calibration Accuracy. " priority="5" processingStatus="done" status="PASSED"/>
                    <message contentType="text/plain">Cross band calibration accuracy is correct.</message>
                </check>
                <check>
                    <inspection creation="2020-08-28T23:51:34.813Z" duration="2" execution="2020-08-28T23:51:34.822Z" id="Radiometric_Quality_Indicators_Absolute" item="MTD_DS.xml" itemURL="/gpfs/dpc/data/phoebus-share/PHOEBUS-4.5.002/wp_in_progress/l2a_20200828_53/app_data/steps_data/DS/S2A_OPER_MSI_L2A_DS_VGS2_20200828T215435_S20200828T172904_N02.14/MTD_DS.xml" name="Check on the Radiometric Quality Indicators : Absolute Calibration Accuracy. " priority="5" processingStatus="done" status="PASSED"/>
                    <message contentType="text/plain">Absolute calibration accuracy is correct.</message>
                </check>
                <check>
                    <inspection creation="2020-08-28T23:51:34.881Z" duration="0" execution="2020-08-28T23:51:34.888Z" id="QuantificationValueWVP" item="MTD_DS.xml" itemURL="/gpfs/dpc/data/phoebus-share/PHOEBUS-4.5.002/wp_in_progress/l2a_20200828_53/app_data/steps_data/DS/S2A_OPER_MSI_L2A_DS_VGS2_20200828T215435_S20200828T172904_N02.14/MTD_DS.xml" name="Check WVP QUANTIFICATION_VALUE " priority="5" processingStatus="done" status="PASSED"/>
                    <message contentType="text/plain">WVP QUANTIFICATION_VALUE is OK</message>
                </check>
            </checkList>
        </report>
    </Data_Block>
</Earth_Explorer_File>
